prediction,target
790.09674,910
566.99963,567
804.0002,804
816.00287,816
693.1333,848
786.0003,786
762.9984,763
846.9989,847
630.00073,630
795.9997,796
921.06067,739
914.4754,838
943.0002,943
1049.9982,1050
553.99976,554
867.001,867
1008.00024,1008
552.9997,553
755.8311,843
931.0292,931
595.0,595
930.00024,930
985.9997,986
751.00415,751
892.00305,892
689.0009,689
891.8954,818
954.99963,955
794.0003,794
821.99994,822
1006.99963,1007
651.64923,833
812.00134,812
841.0008,841
809.99854,810
586.00085,586
874.9189,921
760.00006,760
894.0005,894
839.99884,840
573.6692,583
576.9993,577
837.0,837
804.99976,805
940.05896,1029
807.97424,915
968.0,968
596.0013,596
627.99915,628
796.9992,797
737.9999,738
1062.9995,1063
676.99585,677
831.4037,832
951.00055,951
801.434,753
880.9366,797
824.9999,825
758.00244,758
949.9997,950
526.00006,526
640.99994,641
1028.9991,1029
736.0009,736
591.9999,592
749.9982,750
732.9998,733
596.90454,691
759.99927,760
728.00073,728
608.00024,608
991.0013,991
849.00037,849
825.9051,898
891.999,892
826.0008,826
807.6923,672
1005.976,1100
726.19165,881
941.0001,941
680.99976,681
558.99945,559
475.99988,476
776.00024,776
938.0,938
897.9998,898
1024.9991,1025
996.9997,997
878.0,878
969.9992,970
907.9999,908
874.8082,1027
967.0006,967
580.9997,581
859.23914,939
603.0004,603
900.0001,900
588.3795,543
594.99963,595
607.99927,608
845.0001,845
776.0,776
812.99994,813
737.99963,738
851.9375,838
642.99994,643
933.99945,934
802.9995,803
735.0008,735
554.99945,555
1009.99994,1010
851.99976,852
952.9993,953
512.00085,512
815.0005,815
742.9998,743
694.9581,748
662.0877,655
636.00085,636
961.00037,961
978.00085,978
477.0022,477
1005.9998,1006
945.0003,945
947.99963,948
812.00006,812
